{
  "vertex": {
    "1": {
      "key": 1,
      "info": "",
      "tag": 0,
      "weight": 0.0
    },
    "2": {
      "key": 2,
      "info": "",
      "tag": 0,
      "weight": 0.0
    },
    "3": {
      "key": 3,
      "info": "",
      "tag": 0,
      "weight": 0.0
    },
    "4": {
      "key": 4,
      "info": "",
      "tag": 0,
      "weight": 0.0
    },
    "5": {
      "key": 5,
      "info": "",
      "tag": 0,
      "weight": 0.0
    },
    "6": {
      "key": 6,
      "info": "",
      "tag": 0,
      "weight": 0.0
    },
    "7": {
      "key": 7,
      "info": "",
      "tag": 0,
      "weight": 0.0
    },
    "8": {
      "key": 8,
      "info": "",
      "tag": 0,
      "weight": 0.0
    },
    "9": {
      "key": 9,
      "info": "",
      "tag": 0,
      "weight": 0.0
    },
    "10": {
      "key": 10,
      "info": "",
      "tag": 0,
      "weight": 0.0
    },
    "11": {
      "key": 11,
      "info": "",
      "tag": 0,
      "weight": 0.0
    },
    "12": {
      "key": 12,
      "info": "",
      "tag": 0,
      "weight": 0.0
    },
    "13": {
      "key": 13,
      "info": "",
      "tag": 0,
      "weight": 0.0
    },
    "14": {
      "key": 14,
      "info": "",
      "tag": 0,
      "weight": 0.0
    }
  },
  "parents": {
    "1": {},
    "2": {},
    "3": {},
    "4": {},
    "5": {},
    "6": {},
    "7": {},
    "8": {},
    "9": {},
    "10": {},
    "11": {},
    "12": {},
    "13": {},
    "14": {}
  },
  "edges": {
    "1": {
      "5": {
        "src": 1,
        "dest": 5,
        "weight": 3.0,
        "info": "",
        "tag": 0
      },
      "2": {
        "src": 1,
        "dest": 2,
        "weight": 5.0,
        "info": "",
        "tag": 0
      }
    },
    "2": {
      "4": {
        "src": 2,
        "dest": 4,
        "weight": 1.0,
        "info": "",
        "tag": 0
      },
      "3": {
        "src": 2,
        "dest": 3,
        "weight": 2.0,
        "info": "",
        "tag": 0
      }
    },
    "3": {
      "4": {
        "src": 3,
        "dest": 4,
        "weight": 10.0,
        "info": "",
        "tag": 0
      },
      "9": {
        "src": 3,
        "dest": 9,
        "weight": 3.5,
        "info": "",
        "tag": 0
      },
      "2": {
        "src": 3,
        "dest": 2,
        "weight": 5.0,
        "info": "",
        "tag": 0
      }
    },
    "4": {
      "9": {
        "src": 4,
        "dest": 9,
        "weight": 1.2,
        "info": "",
        "tag": 0
      }
    },
    "5": {
      "4": {
        "src": 5,
        "dest": 4,
        "weight": 12.0,
        "info": "",
        "tag": 0
      },
      "12": {
        "src": 5,
        "dest": 12,
        "weight": 17.0,
        "info": "",
        "tag": 0
      },
      "6": {
        "src": 5,
        "dest": 6,
        "weight": 1.0,
        "info": "",
        "tag": 0
      }
    },
    "6": {
      "11": {
        "src": 6,
        "dest": 11,
        "weight": 4.0,
        "info": "",
        "tag": 0
      }
    },
    "7": {
      "4": {
        "src": 7,
        "dest": 4,
        "weight": 2.0,
        "info": "",
        "tag": 0
      },
      "9": {
        "src": 7,
        "dest": 9,
        "weight": 5.0,
        "info": "",
        "tag": 0
      },
      "3": {
        "src": 7,
        "dest": 3,
        "weight": 2.0,
        "info": "",
        "tag": 0
      }
    },
    "8": {
      "3": {
        "src": 8,
        "dest": 3,
        "weight": 6.0,
        "info": "",
        "tag": 0
      }
    },
    "9": {
      "5": {
        "src": 9,
        "dest": 5,
        "weight": 3.0,
        "info": "",
        "tag": 0
      },
      "14": {
        "src": 9,
        "dest": 14,
        "weight": 7.0,
        "info": "",
        "tag": 0
      }
    },
    "10": {
      "12": {
        "src": 10,
        "dest": 12,
        "weight": 2.0,
        "info": "",
        "tag": 0
      },
      "11": {
        "src": 10,
        "dest": 11,
        "weight": 4.0,
        "info": "",
        "tag": 0
      }
    },
    "11": {
      "10": {
        "src": 11,
        "dest": 10,
        "weight": 4.0,
        "info": "",
        "tag": 0
      }
    },
    "12": {
      "13": {
        "src": 12,
        "dest": 13,
        "weight": 2.0,
        "info": "",
        "tag": 0
      }
    },
    "13": {
      "5": {
        "src": 13,
        "dest": 5,
        "weight": 9.4,
        "info": "",
        "tag": 0
      }
    },
    "14": {
      "8": {
        "src": 14,
        "dest": 8,
        "weight": 3.0,
        "info": "",
        "tag": 0
      }
    }
  },
  "numberOfEdges": 24,
  "mc": 38
}